{"cameraMode":{"drawMode":0,"name":"Shaded","section":"Shading Mode"},"sceneLighting":false,"audioPlay":false,"sceneViewState":{"m_AlwaysRefresh":false,"showFog":true,"showSkybox":false,"showFlares":true,"showImageEffects":true,"showParticleSystems":true,"showVisualEffectGraphs":true,"m_FxEnabled":true},"in2DMode":false,"pivot":{"x":-1.103536605834961,"y":5.483644485473633,"z":89.07664489746094},"rotation":{"x":0.057411402463912967,"y":-0.6740826368331909,"z":0.052685242146253589,"w":0.7345454096794128},"size":14.979931831359864,"orthographic":false}